{
  "model": "deepseek-ai/DeepSeek-R1-Distill-Qwen-1.5B",
  "split": "test",
  "samples_processed": 1319,
  "total_prompt_tokens": 219360,
  "total_completion_tokens": 1048952,
  "total_think_tokens": 846545,
  "total_response_tokens": 201102,
  "think_response_ratio": 4.209530487016539,
  "total_tokens": 1268312,
  "total_generation_time": 5696.054424762726,
  "average_generation_time": 4.318464309903507,
  "timestamp": "2025-03-18 14:18:37"
}